Country or territory (FAOSTAT name),Country group
Afghanistan,Developing Asian
Albania,Transition Economies
Algeria,Developing Other
American Samoa,Developing Tropical
Andorra,Developed Temperate
Angola,Developing Tropical
Anguilla,Developing Tropical
Antigua and Barbuda,Developing Tropical
Argentina,Developing Other
Armenia,Transition Economies
Aruba,Developing Tropical
"Ascension, Saint Helena and Tristan da Cunha",Developing Tropical
Australia,Developed Temperate
Austria,Developed Temperate
Azerbaijan,Transition Economies
Bahamas,Developing Tropical
Bahrain,Developing Other
Bangladesh,Developing Asian
Barbados,Developing Tropical
Belarus,Transition Economies
Belgium,Developed Temperate
Belgium-Luxembourg,Developed Temperate
Belize,Developing Tropical
Benin,Developing Tropical
Bermuda,Developed Temperate
Bhutan,Developing Asian
Bolivia (Plurinational State of),Developing Tropical
Bosnia and Herzegovina,Transition Economies
Botswana,Developing Tropical
Brazil,Developing Tropical
British Virgin Islands,Developing Tropical
Brunei Darussalam,Developing Asian
Bulgaria,Developed Temperate
Burkina Faso,Developing Tropical
Burundi,Developing Tropical
Cabo Verde,Developing Tropical
Cambodia,Developing Asian
Cameroon,Developing Tropical
Canada,Developed Temperate
Cayman Islands,Developing Tropical
Central African Republic,Developing Tropical
Chad,Developing Tropical
Chile,Developing Other
"China, Hong Kong SAR",Developed Temperate
"China, Macao SAR",Developed Temperate
"China, Taiwan Province of",Developed Temperate
"China, mainland",Developing Asian
Christmas Island,Developed Temperate
Cocos (Keeling) Islands,Developed Temperate
Colombia,Developing Tropical
Comoros,Developing Tropical
Congo,Developing Tropical
Cook Islands,Developing Tropical
Costa Rica,Developing Tropical
Croatia,Developed Temperate
Cuba,Developing Tropical
Curaçao,Developing Tropical
Cyprus,Developed Temperate
Czechia,Developed Temperate
Czechoslovakia,Transition Economies
Côte d'Ivoire,Developing Tropical
Democratic People's Republic of Korea,Developing Asian
Democratic Republic of the Congo,Developing Tropical
Denmark,Developed Temperate
Djibouti,Developing Tropical
Dominica,Developing Tropical
Dominican Republic,Developing Tropical
Ecuador,Developing Tropical
Egypt,Developing Other
El Salvador,Developing Tropical
Equatorial Guinea,Developing Tropical
Eritrea,Developing Tropical
Estonia,Developed Temperate
Eswatini,Developing Tropical
Ethiopia,Developing Tropical
Ethiopia PDR,Developing Tropical
Falkland Islands (Malvinas),Developing Other
Faroe Islands,Developed Temperate
Fiji,Developing Tropical
Finland,Developed Temperate
France,Developed Temperate
French Guiana,Developing Tropical
French Polynesia,Developing Tropical
French Southern Territories,Developing Other
Gabon,Developing Tropical
Gambia,Developing Tropical
Georgia,Transition Economies
Germany,Developed Temperate
Ghana,Developing Tropical
Gibraltar,Developed Temperate
Greece,Developed Temperate
Greenland,Developed Temperate
Grenada,Developing Tropical
Guadeloupe,Developing Tropical
Guam,Developing Tropical
Guatemala,Developing Tropical
Guinea,Developing Tropical
Guinea-Bissau,Developing Tropical
Guyana,Developing Tropical
Haiti,Developing Tropical
Honduras,Developing Tropical
Hungary,Developed Temperate
Iceland,Developed Temperate
India,Developing Asian
Indonesia,Developing Asian
Iran (Islamic Republic of),Developing Other
Iraq,Developing Other
Ireland,Developed Temperate
Israel,Developed Temperate
Italy,Developed Temperate
Jamaica,Developing Tropical
Japan,Developed Temperate
Jordan,Developing Other
Kazakhstan,Transition Economies
Kenya,Developing Tropical
Kiribati,Developing Tropical
Kuwait,Developing Other
Kyrgyzstan,Transition Economies
Lao People's Democratic Republic,Developing Asian
Latvia,Developed Temperate
Lebanon,Developing Other
Lesotho,Developing Tropical
Liberia,Developing Tropical
Libya,Developing Other
Liechtenstein,Developed Temperate
Lithuania,Developed Temperate
Luxembourg,Developed Temperate
Madagascar,Developing Tropical
Malawi,Developing Tropical
Malaysia,Developing Asian
Maldives,Developing Asian
Mali,Developing Tropical
Malta,Developed Temperate
Marshall Islands,Developing Tropical
Martinique,Developing Tropical
Mauritania,Developing Tropical
Mauritius,Developing Tropical
Mayotte,Developing Tropical
Mexico,Developing Other
Micronesia (Federated States of),Developing Tropical
Mongolia,Transition Economies
Montenegro,Transition Economies
Montserrat,Developing Tropical
Morocco,Developing Other
Mozambique,Developing Tropical
Myanmar,Developing Asian
Namibia,Developing Tropical
Nauru,Developing Tropical
Nepal,Developing Asian
Netherlands (Kingdom of the),Developed Temperate
Netherlands Antilles (former),Developing Tropical
New Caledonia,Developing Tropical
New Zealand,Developed Temperate
Nicaragua,Developing Tropical
Niger,Developing Tropical
Nigeria,Developing Tropical
Niue,Developing Tropical
Norfolk Island,Developed Temperate
North Macedonia,Transition Economies
Northern Mariana Islands,Developing Tropical
Norway,Developed Temperate
Oman,Developing Other
Pacific Islands Trust Territory,Developing Tropical
Pakistan,Developing Asian
Palau,Developing Tropical
Palestine,Developing Other
Panama,Developing Tropical
Papua New Guinea,Developing Tropical
Paraguay,Developing Tropical
Peru,Developing Tropical
Philippines,Developing Asian
Pitcairn,Developing Tropical
Poland,Developed Temperate
Portugal,Developed Temperate
Qatar,Developing Other
Republic of Korea,Developed Temperate
Republic of Moldova,Transition Economies
Romania,Developed Temperate
Russian Federation,Transition Economies
Rwanda,Developing Tropical
Réunion,Developing Tropical
Saint Kitts and Nevis,Developing Tropical
Saint Lucia,Developing Tropical
Saint Martin (French part),Developing Tropical
Saint Pierre and Miquelon,Developed Temperate
Saint Vincent and the Grenadines,Developing Tropical
Samoa,Developing Tropical
Sao Tome and Principe,Developing Tropical
Saudi Arabia,Developing Other
Senegal,Developing Tropical
Serbia,Transition Economies
Serbia and Montenegro,Transition Economies
Seychelles,Developing Tropical
Sierra Leone,Developing Tropical
Singapore,Developed Temperate
Slovakia,Developed Temperate
Slovenia,Developed Temperate
Solomon Islands,Developing Tropical
Somalia,Developing Tropical
South Africa,Developing Other
South Sudan,Developing Tropical
Spain,Developed Temperate
Sri Lanka,Developing Asian
Sudan,Developing Tropical
Sudan (former),Developing Tropical
Suriname,Developing Tropical
Sweden,Developed Temperate
Switzerland,Developed Temperate
Syrian Arab Republic,Developing Other
Tajikistan,Transition Economies
Thailand,Developing Asian
Timor-Leste,Developing Asian
Togo,Developing Tropical
Tokelau,Developing Tropical
Tonga,Developing Tropical
Trinidad and Tobago,Developing Tropical
Tunisia,Developing Other
Turkmenistan,Transition Economies
Turks and Caicos Islands,Developing Tropical
Tuvalu,Developing Tropical
Türkiye,Developing Other
USSR,Transition Economies
Uganda,Developing Tropical
Ukraine,Transition Economies
United Arab Emirates,Developing Other
United Kingdom of Great Britain and Northern Ireland,Developed Temperate
United Republic of Tanzania,Developing Tropical
United States of America,Developed Temperate
Uruguay,Developing Other
Uzbekistan,Transition Economies
Vanuatu,Developing Tropical
Venezuela (Bolivarian Republic of),Developing Tropical
Viet Nam,Developing Asian
Wallis and Futuna Islands,Developing Tropical
Western Sahara,Developing Other
Yemen,Developing Other
Yugoslav SFR,Transition Economies
Zambia,Developing Tropical
Zimbabwe,Developing Tropical
